id;name;created_at;updated_at;created_by;updated_by
1;Branding back-end ci;2022-12-22T10:48:28;2022-12-22T23:52:50;79217;12170
2;white;2022-12-23T06:22:34;2022-12-22T08:57:13;53032;12857
3;Grocery cyan;2022-12-22T10:21:36;2022-12-22T16:15:23;10252;832
4;Keyboard;2022-12-22T23:58:28;2022-12-23T06:51:04;76530;30319
5;Engineer open;2022-12-23T04:40:10;2022-12-22T09:56:35;28603;87925
6;Tobago;2022-12-22T22:48:04;2022-12-22T21:28:54;67504;79230
7;Bedfordshire Produce;2022-12-22T22:46:14;2022-12-22T10:04:08;86960;16381
8;synergistic Buckingh;2022-12-22T08:56:58;2022-12-22T21:30:05;87977;19471
9;Fresh Frozen;2022-12-22T18:28:54;2022-12-23T02:36:37;58757;75234
10;solutions orchestrat;2022-12-22T12:21:51;2022-12-23T03:26:57;17617;21375
